epoch,time,train/box_loss,train/cls_loss,train/dfl_loss,metrics/precision(B),metrics/recall(B),metrics/mAP50(B),metrics/mAP50-95(B),val/box_loss,val/cls_loss,val/dfl_loss,lr/pg0,lr/pg1,lr/pg2
1,110.344,0.84787,1.5182,1.46511,0.64681,0.68632,0.72042,0.55597,0.94559,2.53699,1.76626,0.000331169,0.000331169,0.0672143
2,221.225,0.63757,0.81172,1.26601,0.86256,0.97971,0.98668,0.87288,0.52454,0.77139,1.31535,0.000664338,0.000664338,0.0342141
3,308.564,0.55974,0.66593,1.20373,0.98568,0.99608,0.99497,0.89848,0.43757,0.59001,1.12388,0.000996851,0.000996851,0.0012133
4,387.365,0.51244,0.61248,1.15901,0.99565,0.98611,0.99455,0.91919,0.42102,0.38226,1.13076,0.000997781,0.000997781,0.000997781
5,448.703,0.49123,0.56208,1.14639,0.97396,0.97405,0.99399,0.91481,0.4325,0.56455,1.22912,0.000996057,0.000996057,0.000996057
6,513.944,0.45847,0.51643,1.11923,0.92699,0.97132,0.99205,0.89511,0.50393,0.52649,1.22241,0.000993844,0.000993844,0.000993844
7,574.613,0.43764,0.47638,1.10192,0.99815,1,0.995,0.99006,0.20537,0.23518,0.95765,0.000991144,0.000991144,0.000991144
8,635.143,0.41936,0.46637,1.09404,0.99871,0.99978,0.995,0.99428,0.18581,0.19995,0.95393,0.000987959,0.000987959,0.000987959
9,695.839,0.40061,0.4336,1.07863,0.99788,0.98463,0.995,0.95511,0.29997,0.34547,1.01906,0.000984292,0.000984292,0.000984292
10,755.995,0.40043,0.42906,1.07992,0.97972,0.98682,0.99493,0.96543,0.31477,0.29826,0.99754,0.000980147,0.000980147,0.000980147
11,816.176,0.38034,0.40733,1.05817,0.96164,0.96633,0.98914,0.97154,0.27698,0.36751,0.99934,0.000975529,0.000975529,0.000975529
12,876.481,0.38307,0.4253,1.06475,0.99706,1,0.995,0.95254,0.32815,0.26131,1.00133,0.000970441,0.000970441,0.000970441
13,936.652,0.36939,0.39961,1.0529,0.99639,1,0.995,0.97458,0.30516,0.23928,1.0165,0.000964889,0.000964889,0.000964889
14,996.752,0.3574,0.3735,1.04275,0.99854,0.99919,0.995,0.99429,0.18982,0.20489,0.96395,0.000958878,0.000958878,0.000958878
15,1057.08,0.35294,0.38556,1.04423,0.99942,1,0.995,0.99469,0.18419,0.15182,0.96595,0.000952414,0.000952414,0.000952414
16,1117.5,0.3496,0.36653,1.0425,0.99889,1,0.995,0.93749,0.31599,0.21629,1.036,0.000945504,0.000945504,0.000945504
17,1177.75,0.3474,0.35713,1.03801,0.96273,0.96736,0.99481,0.99366,0.17617,0.28466,0.95987,0.000938154,0.000938154,0.000938154
18,1237.89,0.33817,0.3497,1.03147,0.99909,1,0.995,0.99465,0.2281,0.20444,0.96259,0.000930372,0.000930372,0.000930372
19,1298.11,0.33063,0.3537,1.03251,0.99915,1,0.995,0.98605,0.25495,0.18631,0.95828,0.000922165,0.000922165,0.000922165
20,1358.33,0.33264,0.35576,1.02763,0.99924,1,0.995,0.97232,0.2781,0.16269,1.01336,0.000913541,0.000913541,0.000913541
21,1418.68,0.32199,0.34367,1.02397,0.99913,1,0.995,0.99474,0.19134,0.16681,0.96535,0.000904509,0.000904509,0.000904509
22,1479,0.31692,0.3388,1.01527,0.99119,0.99173,0.995,0.94871,0.35121,0.21867,1.04834,0.000895079,0.000895079,0.000895079
23,1539.1,0.32247,0.34732,1.02711,0.99931,1,0.995,0.99325,0.22163,0.14393,0.95233,0.000885258,0.000885258,0.000885258
24,1599.35,0.30784,0.32624,1.01445,0.99892,1,0.995,0.995,0.12534,0.15284,0.92836,0.000875057,0.000875057,0.000875057
25,1659.33,0.30516,0.31368,1.01648,0.99946,1,0.995,0.99439,0.222,0.16706,0.94372,0.000864486,0.000864486,0.000864486
26,1719.48,0.30431,0.31451,1.01459,0.99903,1,0.995,0.99464,0.17984,0.14815,0.94622,0.000853555,0.000853555,0.000853555
27,1779.83,0.30269,0.32794,1.0119,0.99846,1,0.995,0.94165,0.34647,0.17597,1.0554,0.000842275,0.000842275,0.000842275
28,1840.05,0.3026,0.31337,1.01245,0.99793,1,0.995,0.99143,0.25582,0.20613,0.98672,0.000830658,0.000830658,0.000830658
29,1900.11,0.28555,0.28887,0.99556,0.99873,0.99942,0.995,0.99437,0.24498,0.1812,1.01337,0.000818714,0.000818714,0.000818714
30,1960.37,0.29116,0.30155,0.99894,0.99881,1,0.995,0.93592,0.37512,0.1977,1.01873,0.000806455,0.000806455,0.000806455
31,2020.72,0.28514,0.30134,0.99806,0.99946,1,0.995,0.995,0.22912,0.17448,0.94566,0.000793895,0.000793895,0.000793895
32,2081,0.28233,0.29025,0.99303,0.99935,1,0.995,0.995,0.17575,0.13834,0.95878,0.000781044,0.000781044,0.000781044
33,2141.19,0.27369,0.27815,0.98853,0.99365,0.99687,0.995,0.99405,0.25456,0.20448,0.98739,0.000767916,0.000767916,0.000767916
34,2201.43,0.27935,0.28289,0.99649,0.99199,0.99797,0.995,0.99456,0.17601,0.19672,0.94771,0.000754523,0.000754523,0.000754523
35,2261.65,0.28129,0.28526,0.99293,0.99938,1,0.995,0.99474,0.22483,0.13966,0.99119,0.000740879,0.000740879,0.000740879
36,2322.26,0.27931,0.28859,0.9955,0.99735,0.99984,0.995,0.99475,0.13937,0.15369,0.93999,0.000726998,0.000726998,0.000726998
37,2382.45,0.27592,0.28078,0.99271,0.99936,1,0.995,0.99499,0.15734,0.1445,0.92996,0.000712893,0.000712893,0.000712893
38,2442.52,0.26878,0.27949,0.98792,0.99951,1,0.995,0.99475,0.13451,0.15323,0.93527,0.000698577,0.000698577,0.000698577
39,2502.78,0.26478,0.26789,0.98646,0.99679,0.99978,0.995,0.99475,0.18108,0.1376,0.93972,0.000684065,0.000684065,0.000684065
40,2562.88,0.25775,0.27476,0.98269,0.9994,0.99989,0.995,0.995,0.18492,0.14958,0.93897,0.000669372,0.000669372,0.000669372
41,2623.02,0.26061,0.26394,0.98607,0.99932,0.99999,0.995,0.995,0.16402,0.13071,0.93382,0.000654512,0.000654512,0.000654512
42,2683.32,0.25797,0.2636,0.98262,0.99933,1,0.995,0.995,0.14604,0.10791,0.91866,0.000639499,0.000639499,0.000639499
43,2743.47,0.24669,0.25188,0.97671,0.99937,1,0.995,0.995,0.13799,0.11626,0.92449,0.000624349,0.000624349,0.000624349
44,2803.62,0.25606,0.25798,0.98177,0.99941,1,0.995,0.995,0.15797,0.13537,0.93285,0.000609076,0.000609076,0.000609076
